timestamp,latitude,longitude,altitude
40.50670040026307,0.0033337314121126838,0.002023149369770654,-0.00011987685866188258
40.541884899139404,0.0033337314121126838,0.002023149369770654,-0.01686590164899826
40.6183944940567,0.0033337314121126838,0.002023149369770654,-0.02575036883354187
40.67953489348292,0.0033337314121126838,0.002023149369770654,-0.02211080491542816
40.717340495437384,0.0033337314121126838,0.002023149369770654,-0.018641948699951172
40.75206709653139,0.0033337314121126838,0.002023149369770654,-0.015393772162497044
40.78883729502559,0.0033337314121126838,0.002023149369770654,-0.012226352468132973
40.824070893228054,0.0033337314121126838,0.002023149369770654,-0.009552211500704288
40.85836689546704,0.0033337314121126838,0.002023149369770654,-0.007329616229981184
40.8943478949368,0.0033337314121126838,0.002023149369770654,-0.005407237913459539
40.93418739363551,0.0033337314121126838,0.002023149369770654,-0.003730830969288945
40.97113239392638,0.0033337314121126838,0.002023149369770654,-0.00247159949503839
41.00648079439998,0.0033337314121126838,0.002023149369770654,-0.0015089988010004163
41.04142879322171,0.0033337314121126838,0.002023149369770654,-0.0007605552673339844
41.077683094888926,0.0033337314121126838,0.002023149369770654,-0.00016988754214253277
41.11807879433036,0.0033337314121126838,0.002023149369770654,0.0003638648777268827
41.15558199584484,0.0033337314121126838,0.002023149369770654,0.0006840705755166709
41.19178859516978,0.0033337314121126838,0.002023149369770654,0.0009356117225252092
41.22761559486389,0.0033337314121126838,0.002023149369770654,0.0011288642417639494
41.26439319550991,0.0033337314121126838,0.002023149369770654,0.0012703895336017013
41.301636796444654,0.0033337314121126838,0.002023149369770654,0.0013754843967035413
41.33955089375377,0.0033337314121126838,0.002023149369770654,0.0014512824127450585
41.37683779373765,0.0033337314121126838,0.002023149369770654,0.0014512824127450585
41.413394793868065,0.0033337314121126838,0.002023149369770654,0.0014512824127450585
41.44940919429064,0.0033337314121126838,0.002023149369770654,0.0014512824127450585
41.48607449606061,0.0033337314121126838,0.002023149369770654,0.0014512824127450585
41.52261759340763,0.0033337314121126838,0.002023149369770654,0.0014512824127450585
41.56240789592266,0.0033337314121126838,0.002023149369770654,0.0014512824127450585
41.603046894073486,0.0033337314121126838,0.002023149369770654,0.0014512824127450585
41.64244379475713,0.0033337314121126838,0.002023149369770654,0.0014512824127450585
41.68129439651966,0.0033337314121126838,0.002023149369770654,0.0014512824127450585
41.7195746935904,0.0033337314121126838,0.002023149369770654,0.0014512824127450585
41.758251793682575,0.0033337314121126838,0.002023149369770654,0.0014512824127450585
41.79657529294491,0.0033337314121126838,0.002023149369770654,0.0014512824127450585
41.83294079452753,0.0033337314121126838,0.002023149369770654,0.0014512824127450585
41.8698819950223,0.0033337314121126838,0.002023149369770654,0.0014512824127450585
41.906580194830894,0.0033337314121126838,0.002023149369770654,0.0014512824127450585
41.94267859309912,0.0033337314121126838,0.002023149369770654,0.0014512824127450585
41.97939529642463,0.0033337314121126838,0.002023149369770654,0.0014512824127450585
42.01750819385052,0.0033337314121126838,0.002023149369770654,0.0014512824127450585
42.053587295114994,0.0033337314121126838,0.002023149369770654,0.0014512824127450585
42.09066969528794,0.0033337314121126838,0.002023149369770654,0.0014512824127450585
42.12638019397855,0.0033337314121126838,0.002023149369770654,0.0014512824127450585
42.164139196276665,0.0033337314121126838,0.002023149369770654,0.0014512824127450585
42.20028479397297,0.0033337314121126838,0.002023149369770654,0.0014512824127450585
42.23621869459748,0.0033337314121126838,0.002023149369770654,0.0014512824127450585
42.27332139387727,0.0033337314121126838,0.002023149369770654,0.0014512824127450585
42.31084379553795,0.0033337314121126838,0.002023149369770654,0.0014512824127450585
42.34909829497337,0.0033337314121126838,0.002023149369770654,0.0014512824127450585
42.38565619289875,0.0033337314121126838,0.002023149369770654,0.0014512824127450585
42.42111489549279,0.0033337314121126838,0.002023149369770654,0.0014512824127450585
42.45839969441295,0.0033337314121126838,0.002023149369770654,0.0014512824127450585
42.49571129307151,0.0033337314121126838,0.002023149369770654,0.0014512824127450585
42.532610796391964,0.0033337314121126838,0.002023149369770654,0.0014512824127450585
42.570505294948816,0.0033337314121126838,0.002023149369770654,0.0014512824127450585
42.60630899295211,0.0033337314121126838,0.002023149369770654,0.0014512824127450585
42.64339619502425,0.0033337314121126838,0.002023149369770654,0.0014512824127450585
42.680271096527576,0.0033337314121126838,0.002023149369770654,0.0014512824127450585
42.717703994363546,0.0033337314121126838,0.002023149369770654,0.0014512824127450585
42.75530129298568,0.0033337314121126838,0.002023149369770654,0.0014512824127450585
42.79230359569192,0.0033337314121126838,0.002023149369770654,0.0014512824127450585
42.82980069518089,0.0033337314121126838,0.002023149369770654,0.0014512824127450585
42.86575549468398,0.0033337314121126838,0.002023149369770654,0.0014512824127450585
42.90210399404168,0.0033337314121126838,0.002023149369770654,0.0014512824127450585
42.94079529494047,0.0033337314121126838,0.002023149369770654,0.0014512824127450585
42.97912059351802,0.0033337314121126838,0.002023149369770654,0.0014512824127450585
43.017600394785404,0.0033337314121126838,0.002023149369770654,0.0014512824127450585
43.05539579316974,0.0033337314121126838,0.002023149369770654,0.0014512824127450585
43.093176294118166,0.0033337314121126838,0.002023149369770654,0.0014512824127450585
43.129707396030426,0.0033337314121126838,0.002023149369770654,0.0014512824127450585
43.16516939550638,0.0033337314121126838,0.002023149369770654,0.0014512824127450585
43.20195369422436,0.0033337314121126838,0.002023149369770654,0.0014512824127450585
43.239058796316385,0.0033337314121126838,0.002023149369770654,0.0014512824127450585
43.27553789317608,0.0033337314121126838,0.002023149369770654,0.0014512824127450585
43.31135939434171,0.0033337314121126838,0.002023149369770654,0.0014512824127450585
43.348167695105076,0.0033337314121126838,0.002023149369770654,0.0014512824127450585
43.38535949587822,0.0033337314121126838,0.002023149369770654,0.0014512824127450585
43.42287679389119,0.0033337314121126838,0.002023149369770654,0.0014512824127450585
43.46059529483318,0.0033337314121126838,0.002023149369770654,0.0014512824127450585
43.496693793684244,0.0033337314121126838,0.002023149369770654,0.0014512824127450585
43.534502893686295,0.0033337314121126838,0.002023149369770654,0.0014512824127450585
43.572279796004295,0.0033337314121126838,0.002023149369770654,0.0014512824127450585
43.61061379313469,0.0033337314121126838,0.002023149369770654,0.0014512824127450585
43.64921809360385,0.0033337314121126838,0.002023149369770654,0.0014512824127450585
43.686632093042135,0.0033337314121126838,0.002023149369770654,0.0014512824127450585
43.72332639619708,0.0033337314121126838,0.002023149369770654,0.0014512824127450585
43.75890829414129,0.0033337314121126838,0.002023149369770654,0.0014512824127450585
43.796056393533945,0.0033337314121126838,0.002023149369770654,0.0014512824127450585
43.83296509459615,0.0033337314121126838,0.002023149369770654,0.0014512824127450585
43.870448496192694,0.0033337314121126838,0.002023149369770654,0.0014512824127450585
43.907594095915556,0.0033337314121126838,0.002023149369770654,0.0014512824127450585
43.94328209385276,0.0033337314121126838,0.002023149369770654,0.0014512824127450585
43.980077393352985,0.0033337314121126838,0.002023149369770654,0.0014512824127450585
44.01760959625244,0.0033337314121126838,0.002023149369770654,0.0014512824127450585
44.05611089617014,0.0033337314121126838,0.002023149369770654,0.0014512824127450585
44.09605939313769,0.0033337314121126838,0.002023149369770654,0.0014512824127450585
44.134799994528294,0.0033337314121126838,0.002023149369770654,0.0014512824127450585
44.173254795372486,0.0033337314121126838,0.002023149369770654,0.0014512824127450585
44.21157409623265,0.0033337314121126838,0.002023149369770654,0.0014512824127450585
44.250118393450975,0.0033337314121126838,0.002023149369770654,0.0014512824127450585
44.288811195641756,0.0033337314121126838,0.002023149369770654,0.0014512824127450585
44.326076593250036,0.0033337314121126838,0.002023149369770654,0.0014512824127450585
44.366000194102526,0.0033337314121126838,0.002023149369770654,0.0014512824127450585
44.40601929649711,0.0033337314121126838,0.002023149369770654,0.0014512824127450585
44.44508719444275,0.0033337314121126838,0.002023149369770654,0.0014512824127450585
44.48422349616885,0.0033337314121126838,0.002023149369770654,0.001292591099627316
44.52170159295201,0.0033337314121126838,0.002023149369770654,0.0012666130205616355
44.560057796537876,0.0033337314121126838,0.002023149369770654,0.0012826728634536266
44.59987689554691,0.0033337314121126838,0.002023149369770654,0.0013135719345882535
44.63886349648237,0.0033337314121126838,0.002023149369770654,0.0013690375490114093
44.677246395498514,0.0033337314121126838,0.002023149369770654,0.0014287757221609354
44.716067895293236,0.0033337314121126838,0.002023149369770654,0.0014766883105039597
44.75569349527359,0.0033337314121126838,0.002023149369770654,0.0015107154613360763
44.79588009417057,0.0033337314121126838,0.002023149369770654,0.0016103553352877498
44.835484594106674,0.0033337314121126838,0.002023149369770654,0.0016004370991140604
44.87435009330511,0.0033337314121126838,0.002023149369770654,0.0016090583521872759
44.91479579359293,0.0033337314121126838,0.002023149369770654,0.0016786765772849321
44.9542043954134,0.0033337314121126838,0.002023149369770654,0.0016514015151187778
44.991706393659115,0.0033337314121126838,0.002023149369770654,0.001658000866882503
45.032805893570185,0.0033337314121126838,0.002023149369770654,0.0017059134552255273
45.07325519621372,0.0033337314121126838,0.002023149369770654,0.0017334175063297153
45.11085559427738,0.0033337314121126838,0.002023149369770654,0.0017002677777782083
45.149089094251394,0.0033337314121126838,0.002023149369770654,0.0016760826110839844
45.18883879482746,0.0033337314121126838,0.002023149369770654,0.0016489600529894233
45.22751609608531,0.0033337314121126838,0.002023149369770654,0.0016489600529894233
45.266539093106985,0.0033337314121126838,0.002023149369770654,0.0016475104494020343
45.30594849586487,0.0033337314121126838,0.002023149369770654,0.0016451453557237983
45.34670329466462,0.0033337314121126838,0.002023149369770654,0.0017092704074457288
45.38559699431062,0.0033337314121126838,0.002023149369770654,0.00168352120090276
45.42474089562893,0.0033337314121126838,0.002023149369770654,0.0016674613580107689
45.46460039541125,0.0033337314121126838,0.002023149369770654,0.0016525840619578958
45.50456319376826,0.0033337314121126838,0.002023149369770654,0.0016455268487334251
45.545182794332504,0.0033337314121126838,0.002023149369770654,0.001713390345685184
45.58546659350395,0.0033337314121126838,0.002023149369770654,0.0017480277456343174
45.62371149286628,0.0033337314121126838,0.002023149369770654,0.0017094612121582031
45.66342809423804,0.0033337314121126838,0.002023149369770654,0.001672458602115512
45.70180769637227,0.0033337314121126838,0.002023149369770654,0.0016674995422363281
45.74016339331865,0.0033337314121126838,0.002023149369770654,0.0016660881228744984
45.7779206931591,0.0033337314121126838,0.002023149369770654,0.0016719246050342917
45.81683739647269,0.0033337314121126838,0.002023149369770654,0.0016646385192871094
45.85482869297266,0.0033337314121126838,0.0020231625286859485,0.0016582297394052148
45.8952784948051,0.003333732508693288,0.002023343874987354,0.0015992163680493832
45.93409199640155,0.003333733879429701,0.0020236884740816347,0.0014402198139578104
45.97380809485912,0.003333736620859895,0.002024173572011093,0.0013156317872926593
46.01536339521408,0.003333740184729095,0.0020247923151740137,0.0013043021317571402
46.05303219333291,0.003333742926159289,0.0020254347717988713,0.0012644767994061112
46.092375695705414,0.0033337473124532835,0.0020261730417757188,0.0012370871845632792
46.132209695875645,0.0033337514246198907,0.002026980121913795,0.0012329673627391458
46.17284249514341,0.003333756633367102,0.002027856149285134,0.0013158607762306929
46.21165889501572,0.0033337610196753076,0.0020287395785463266,0.0013132666936144233
46.251451194286346,0.0033337659542667097,0.002029687705807718,0.0013149071019142866
46.290049593895674,0.00333377116299971,0.0020306462505437174,0.0013394736452028155
46.32955699414015,0.003333776645874309,0.002031665106974818,0.0013544273097068071
46.36983589455485,0.0033337818546215203,0.0020327404370840585,0.0014388465788215399
46.40814669430256,0.0033337876116519283,0.002033798633189009,0.0014327048556879163
46.44713209569454,0.003333793094526527,0.0020349093278831036,0.0014277457958087325
46.486959494650364,0.003333798851556935,0.0020360786894078877,0.0014219093136489391
46.527378395199776,0.0033338059792953345,0.00203729972708961,0.001493587507866323
46.5735302940011,0.0033338128329063466,0.002038737338585558,0.0014909934252500534
46.614205196499825,0.003333819960644746,0.0020400418531361817,0.0015307426219806075
46.652317993342876,0.003333826814255758,0.0020412959251781752,0.0015012549702078104
46.692530896514654,0.0033338339419941576,0.002042651704669634,0.0015389823820441961
46.731135595589876,0.003333841069746768,0.0020439851414194993,0.0015011024661362171
46.771324295550585,0.003333847923343569,0.002045403699902677,0.0015410804189741611
46.81049629300833,0.003333855051067758,0.002046817597936688,0.0014984321314841509
46.84896199405193,0.0033338619046929807,0.002048235059843591,0.0014855766203254461
46.888172794133425,0.0033338690324171694,0.0020497073505642218,0.0014756583841517568
46.92737349495292,0.0033338769826087855,0.0020512051366832363,0.0014755439478904009
46.96650159358978,0.0033338854810835983,0.0020527237577514677,0.001482791849412024
47.00551799312234,0.0033338939795299893,0.002054258005031611,0.0014945411821827292
47.044062696397305,0.003333902478004802,0.002055793485960064,0.001510791713371873
47.0830465964973,0.0033339107023380166,0.0020573644685454055,0.001520023331977427
47.12214449420571,0.0033339192007986185,0.0020589562860799633,0.0015293692704290152
47.160688295960426,0.0033339276992734312,0.002060538371500085,0.0015453910455107689
47.20111509412527,0.0033339364718614206,0.0020622096908145485,0.0016157722566276789
47.24237809330225,0.0033339452444920425,0.0020639273404766123,0.0016480445628985763
47.28235309571028,0.0033339534687968353,0.0020656019495198996,0.0015995216090232134
47.321354895830154,0.003333961967257437,0.0020672446207791904,0.0015872764633968472
47.36045599356294,0.003333970465718039,0.0020689001768097073,0.0015834617661312222
47.39932369440794,0.0033339789642070627,0.002070552580183435,0.0015879630809649825
47.438652995973825,0.0033339871885260663,0.002072231438459786,0.0015897559933364391
47.47759639471769,0.0033339956869866683,0.0020738990568293235,0.0015985679347068071
47.51768859475851,0.0033340044596030793,0.0020756210927964855,0.0016688345931470394
47.555819395929575,0.0033340129580636813,0.002077263215767639,0.0016515922034159303
47.596438996493816,0.0033340217306800923,0.0020790162300145577,0.0016938591143116355
47.63437309488654,0.003334029954999096,0.002080656571049265,0.0016666221199557185
47.67459799349308,0.003334038727615507,0.002082398893677506,0.0017033194890245795
47.714278396219015,0.003334047226061898,0.0020841199701404282,0.0016528129344806075
47.7535664960742,0.003334055724536711,0.002085826105751609,0.0016325187170878053
47.79269369319081,0.0033340642229973128,0.002087526621409383,0.001626567798666656
47.8318157941103,0.003334072447330527,0.0020892285077875002,0.0016266440507024527
47.872069995850325,0.0033340812199469383,0.002090980836674247,0.0016926764510571957
47.9115485958755,0.00333408971840754,0.00209270067948886,0.0016598319634795189
47.94972149655223,0.003334098216868142,0.002094364459841436,0.0016567038837820292
47.988198295235634,0.003334106441172935,0.0020960424956855813,0.0016533469315618277
48.02812609449029,0.0033341149396619585,0.002097784544169754,0.0016383933834731579
48.06575509533286,0.0033341234381367713,0.002099426804212942,0.001654987339861691
48.10278249531984,0.003334131936597373,0.002101043294713678,0.0016702841967344284
48.14238739386201,0.0033341401609163768,0.0021027728696427273,0.001654186169616878
48.180759593844414,0.0033341486593769787,0.002104449123550427,0.0016590689774602652
48.22012699395418,0.0033341571578375806,0.0021061692405091085,0.0016527366824448109
48.25812699645758,0.0033341656563266042,0.002107829868204895,0.0016636084765195847
48.297143295407295,0.003334173880631397,0.0021095353184559045,0.0016601752722635865
48.336020693182945,0.0033341823791062097,0.002111235148753507,0.0016603278927505016
48.37429969385266,0.0033341908775668117,0.002112908935364588,0.0016667365562170744
48.41337859630585,0.003334199101900026,0.0021146178124164553,0.0016625785501673818
48.45341819524765,0.0033342078744880155,0.0021163687705828592,0.0017245291965082288
48.491344194859266,0.003334216372977039,0.0021180278904862682,0.0017020225059241056
48.53091099485755,0.003334224871451852,0.002119758561991593,0.0016719626728445292
48.57070039585233,0.003334233369898243,0.002121499102683388,0.0016542625380679965
48.608252596110106,0.0033342415942030357,0.0021231420480867474,0.0016678809188306332
48.64748269319534,0.0033342500926778484,0.0021248586011725365,0.001659564906731248
48.68404619395733,0.003334258591152661,0.0021264587801011884,0.0016804694896563888
48.72203289344907,0.003334266815471665,0.002128120641445284,0.001678791013546288
48.761414494365454,0.0033342753139464776,0.002129843911060755,0.0016639517853036523
48.80146749317646,0.0033342840865628887,0.0021315966511636047,0.0017233466496691108
48.838744696229696,0.0033342925850092797,0.0021332276712999784,0.0017061805119737983
48.87930419296026,0.0033343013576399017,0.0021350023429283194,0.0017377662006765604
48.919313196092844,0.003334310130242102,0.002136753438166757,0.0017540550325065851
48.95742179453373,0.0033343186287169146,0.00213842091946426,0.0017061042599380016
48.99760139361024,0.003334327401319115,0.002140179416592551,0.0017318916507065296
49.03549899533391,0.0033343356256381185,0.0021418378511357888,0.0016934776213020086
49.07239129394293,0.0033343441240987204,0.0021434526967721128,0.0016824150225147605
49.11261459439993,0.0033343528967151315,0.002145213387052953,0.0017180060967803001
49.15074959397316,0.0033343613951757334,0.002146882239070799,0.0016831016400828958
49.188622295856476,0.003334369619508948,0.002148539851181831,0.0016677284147590399
49.22605639323592,0.003334378117955339,0.0021501786844241606,0.001664981828071177
49.265459794551134,0.0033343866164301517,0.002151903050615906,0.0016458319732919335
49.30297959595919,0.0033343951149049644,0.00215354517358706,0.0016562843229621649
49.34168849512935,0.003334403339223968,0.0021552393839312546,0.0016523170052096248
49.38020849600434,0.00333441183768457,0.002156925095809322,0.001653804793022573
49.418056193739176,0.003334420336145172,0.0021585813372000107,0.0016624259296804667
49.455942295491695,0.0033344288346199846,0.0021602397717432483,0.001667613978497684
49.49550009518862,0.0033344370589247774,0.0021619711286087443,0.0016546058468520641
49.535209093242884,0.00333444555739959,0.00216370947614799,0.0016475486336275935
49.57450659573078,0.003334454055874403,0.002165429593106672,0.0016496466705575585
49.61209859326482,0.0033344622801934065,0.002167075417022752,0.0016680335393175483
49.64961659535766,0.0033344707786540084,0.00216871767706594,0.0016787528293207288
49.689605094492435,0.0033344792771146103,0.002170467949872172,0.0016598701477050781
49.728806495666504,0.003334487775589423,0.0021721838175977897,0.0016587638529017568
49.76865689456463,0.0033344959999226376,0.002173927785090443,0.0016523170052096248
49.8070332929492,0.0033345044983832395,0.0021756073287269658,0.0016644096467643976
49.846860095858574,0.0033345129968580522,0.0021773506108594474,0.0016567038837820292
49.88633409515023,0.003334521221162845,0.0021790784038520513,0.0016569709405303001
49.925731994211674,0.0033345297196376578,0.002180802770043797,0.0016584205441176891
49.96538769453764,0.003334538218084049,0.0021825383761423563,0.0016569709405303001
50.005527693778276,0.0033345469907146708,0.0021842955025503045,0.0017257881117984653
50.045589193701744,0.003334555763331082,0.0021860492021573944,0.0017581748543307185
50.08490389585495,0.0033345642617916837,0.002187770004476248,0.0017047309083864093
50.12487709522247,0.003334572486124898,0.002189519591922308,0.0016681861598044634
50.16388279572129,0.0033345809845855,0.002191227098253832,0.0016598319634795189
50.203357093036175,0.003334589483046102,0.002192954891246436,0.0016517448239028454
50.241528894752264,0.0033345977073508948,0.0021946259364168308,0.0016615486238151789
50.279451694339514,0.0033346062058257075,0.0021962857416804116,0.001669826451689005
50.31814869493246,0.0033346147043005203,0.002197979952024607,0.0016671180492267013
50.3559794947505,0.0033346232027611222,0.0021996355080551237,0.0016742515144869685
50.394724294543266,0.0033346314270943367,0.002201331089119662,0.0016692924546077847
50.43346869572997,0.0033346399255549386,0.0022030265331121662,0.0016668891767039895
50.4719447940588,0.0033346484240155405,0.0022047108742698903,0.001668529468588531
50.5120740942657,0.0033346571966177407,0.0022064671782456324,0.0017268562223762274
50.63799459859729,0.0033346783057197626,0.002210844710733676,0.00165075296536088
50.67634369805455,0.0033346865300387663,0.002212523431937993,0.0016598701477050781
50.71502769738436,0.003334695028499368,0.002214216956922016,0.00166234967764467
50.755898397415876,0.0033347038011157792,0.002216005609897858,0.00171941751614213
50.796353098005056,0.003334712573746401,0.0022177768547253407,0.0017482185503467917
50.8341866992414,0.0033347210721927922,0.0022194330961160295,0.0017117118695750833
50.87396829947829,0.0033347292965260067,0.002221174322167996,0.0016705130692571402
50.91206029802561,0.0033347377949723978,0.002222841803465499,0.001666812808252871
50.95009529963136,0.0033347462934472105,0.0022245065433223153,0.0016662406269460917
50.99026459828019,0.0033347550660636216,0.002226264492162469,0.00171941751614213
51.02782679721713,0.0033347635645242235,0.0022279089453582064,0.001697711879387498
51.067039396613836,0.003334771788857438,0.0022296254984439955,0.0016689491458237171
51.10580809786916,0.00333478028731804,0.002231322450228877,0.001659183413721621
51.1460132971406,0.003334789059934451,0.0022330823180775113,0.0017149162013083696
51.1857592985034,0.003334797558380842,0.002234822036337101,0.001672611222602427
51.22702919691801,0.003334806331011464,0.00223662837160537,0.0017143440200015903
51.26638279855251,0.003334814829472066,0.002238350544644566,0.0016753958771005273
51.30470069870353,0.0033348230537910695,0.00224002789512854,0.001665744697675109
51.34473309665918,0.003334832374690677,0.002241779812799184,0.0017178916605189443
51.382818799465895,0.0033348405990238916,0.002243446608736515,0.001690082484856248
51.42266809940338,0.0033348490974702827,0.0022451905762291683,0.001656932756304741
51.46242089942098,0.0033348567735060897,0.002246930294488758,0.0016423225170001388
51.49997179955244,0.0033348641754002983,0.0022485739252522887,0.00165838235989213
51.5377697981894,0.003334871303138698,0.0022502281105624623,0.0016657828819006681
51.57644769921899,0.003334878430905519,0.0022519209501863143,0.001662197057157755
51.616051100194454,0.003334885832785517,0.002253654363132325,0.001651935512199998
51.656104899942875,0.003334893234651304,0.002255408062739415,0.0017168617341667414
51.694805797189474,0.003334899265837521,0.002257102136011576,0.00168889993801713
51.73407869786024,0.0033349044745705214,0.0022588208822499145,0.0016677284147590399
51.77151149883866,0.0033349091350203253,0.0022604597154922443,0.001674709259532392
51.808477997779846,0.0033349140696259383,0.002262077987929426,0.0016829872038215399
51.84768199920654,0.003334917907650947,0.002263793992727078,0.0016659735701978207
51.885025300085545,0.003334920649081141,0.0022654284396643096,0.0016752814408391714
51.924215998500586,0.003334923116369737,0.002267143622029756,0.0016628456069156528
51.96381829679012,0.00333492448710615,0.002268877172047801,0.0016528891865164042
52.0032253973186,0.003334925309516734,0.0022706022235997178,0.0016508293338119984
52.04279799759388,0.0033349247612477484,0.0022723342658253856,0.0016494177980348468
52.08190869912505,0.003334923116369737,0.0022740460213899736,0.0016546820988878608
52.11987970024347,0.003334920649081141,0.002275707882734069,0.0016691016498953104
52.158433597534895,0.0033349170852119414,0.002277395650692651,0.001671161619015038
52.19718049839139,0.003334912973045334,0.0022790919171173612,0.0016703986329957843
52.234448697417974,0.003334906941873328,0.002280722937253735,0.0016835593851283193
52.27357539907098,0.003334899265837521,0.0022824353781784944,0.0016723823500797153
52.311291597783566,0.003334890767362708,0.002284085999615776,0.0016797446878626943
52.3499963991344,0.0033348800757693198,0.002285780209959971,0.0016738319536671042
52.38973579928279,0.0033348669168304923,0.002287519242859389,0.0016603660769760609
52.42856749892235,0.0033348529354810807,0.002289219073156991,0.0016628836747258902
52.46692829951644,0.003334837035140481,0.002290897794361308,0.0016691780183464289
52.50552439689636,0.003334818667482864,0.0022925870701122676,0.0016703223809599876
52.54424040019512,0.003334798654975657,0.0022942812804564628,0.0016699028201401234
52.58416640013456,0.003334775626854025,0.002296028674749974,0.0016573905013501644
52.623719196766615,0.0033347509539112252,0.00229776003161547,0.001655368716455996
52.66241059824824,0.0033347240877787954,0.0022994535565994934,0.0016634559724479914
52.700197499245405,0.003334696673363169,0.00230110719362153,0.0016763877356424928
52.73999059945345,0.003334665146809357,0.0023028482826014623,0.0016634940402582288
52.778478998690844,0.0033346314270943367,0.0023045326237591864,0.001669712015427649
52.815760497003794,0.003334597159081909,0.002306164329255732,0.0016839789459481835
52.855086997151375,0.003334558504761276,0.0023078854057186535,0.001671428675763309
52.89565910026431,0.0033345160124298445,0.002309661036851235,0.0017279243329539895
52.93626710027456,0.003334470230370812,0.002311437490416022,0.0017531776102259755
52.97495310008526,0.0033344230776037875,0.002313130330039874,0.001706523820757866
53.0132702998817,0.0033343740058171534,0.0023148069951636763,0.001684322371147573
53.053754799067974,0.0033343191769859004,0.002316578514135228,0.0017255592392757535
53.09332089871168,0.003334262977446656,0.0023183089114964836,0.0016788291977718472
53.13337889686227,0.00333420376234983,0.0023200612403832302,0.001722965156659484
53.17288049682975,0.003334142354063374,0.002321789170447868,0.0016765785403549671
53.21181469783187,0.003334078204360935,0.0023234916051141224,0.0016587638529017568
53.2482683993876,0.003334015699522297,0.0023250863011614015,0.0016737175174057484
53.28788289800286,0.0033339444220530368,0.002326818343387069,0.0016525458777323365
53.32696649804711,0.003333870677295181,0.002328527631655039,0.0016486167442053556
53.36374409869313,0.003333798851556935,0.0023301354866176126,0.001669559394940734
53.40176569670439,0.003333722091213076,0.002331797622105777,0.0016702079446986318
53.43896649777889,0.0033336434118496072,0.0023334238447209493,0.0016786003252491355
53.47944130003452,0.0033335548633317558,0.0023351934446840202,0.0017260550521314144
53.517991699278355,0.0033334671372386993,0.0023368786082739504,0.0016930198762565851
53.55749239772558,0.0033333750248232263,0.002338605441762314,0.001664981828071177
53.59626889973879,0.0033332809934023544,0.0023402999262505777,0.001658802037127316
53.63561709970236,0.0033331823015458895,0.0023420193578490875,0.0016510200221091509
53.674293000251055,0.0033330822389530113,0.0023437091818881844,0.0016551398439332843
53.7134126983583,0.0033329780642077367,0.002345418196012086,0.001654300605878234
53.750618897378445,0.0033328760826236703,0.002347043322050984,0.0016725730383768678
53.788398899137974,0.0033327688922923926,0.002348693395200128,0.0016773795941844583
53.827766697853804,0.003332654300066906,0.0023504125526545693,0.0016644858988001943
53.868005499243736,0.003332534224966821,0.0023521698161345517,0.0017236899584531784
53.905685398727655,0.003332417987877534,0.002353815228834529,0.0017034339252859354
53.94551399722695,0.00333229242990285,0.0023555535763737753,0.0016694831429049373
53.983187299221754,0.0033321707099247533,0.0023571981666415465,0.0016735648969188333
54.02323569729924,0.003332038024197459,0.002358946109223195,0.0017259025480598211
54.06280239671469,0.0033319031453231673,0.0023606729427115584,0.0016820335295051336
54.10232299938798,0.0033317657991318583,0.002362396760615167,0.0016598701477050781
54.14121279865503,0.003331627356388367,0.0023640934382559795,0.0016557121416553855
54.178922198712826,0.003331490284352867,0.002365738028523751,0.00166601175442338
54.21679509803653,0.0033313496484623784,0.002367389746537307,0.0016706656897440553
54.255947198718786,0.0033312007882102534,0.0023690971157967968,0.0016612433828413486
54.29536619782448,0.003331047815819943,0.0023708154508190324,0.001654300605878234
54.33498279750347,0.003330890457121427,0.002372542558451464,0.0016499137273058295
54.37482349947095,0.0033307298086953097,0.0023742787128381614,0.0016467856476083398
54.41490639746189,0.003330565322272605,0.002376025558843535,0.0017176627879962325
54.454265996813774,0.0033303997392408746,0.0023777403299928782,0.0016857337905094028
54.49470639973879,0.0033302270284991664,0.002379501979777959,0.0017322730273008347
54.53360150009394,0.0033300578815840254,0.0023811959159780855,0.001694316859357059
54.57347349822521,0.0033298813328173082,0.0023829320703647825,0.0016633415361866355
54.611582197248936,0.0033297097186277824,0.002384590916124123,0.0016658591339364648
54.64944199845195,0.003329536733730265,0.0023862390702647867,0.0016700935084372759
54.68707939982414,0.0033293615556573286,0.0023878770810749107,0.0016748618800193071
54.727562699466944,0.0033291707513996016,0.0023896387308599914,0.0017246055649593472
54.765662897378206,0.0033289881714466674,0.0023912962058989886,0.0016972923185676336
54.805340398103,0.0033287946257445356,0.0023930219428110774,0.0016656684456393123
54.844936799257994,0.003328598338569577,0.002394743841706205,0.0016510200221091509
54.883589796721935,0.003328404244570038,0.002396424618991037,0.001654453226365149
54.921918500214815,0.0033282093281457037,0.002398090866640231,0.0016606712015345693
54.962406396865845,0.003328000430343536,0.002399850323272762,0.0017186927143484354
55.001916497945786,0.0033277937257452095,0.002401567561718723,0.0016810798551887274
55.042002499103546,0.0033275807158048565,0.002403309198986793,0.0017287253867834806
55.08055389672518,0.0033273731887391023,0.0024049833968139774,0.0016935920575633645
55.118634697049856,0.003327165387517539,0.002406637582124151,0.0016789436340332031
55.15860339999199,0.0033269452498529972,0.0024083729140786424,0.001652355189435184
55.19859039783478,0.0033267215482624124,0.002410108794321271,0.0016401862958446145
55.23864949867129,0.0033264942828594712,0.0024118474160045853,0.0017089652828872204
55.278483897447586,0.0033262653725643077,0.002413575620213292,0.0016715049277991056
55.31787709891796,0.003326036462254933,0.0024152846343371936,0.0016572760650888085
55.35744149982929,0.003325804262232168,0.0024170005020628113,0.0016493415459990501
55.397146098315716,0.0033255679500570068,0.002418722400957939,0.0016452979762107134
55.43735729902983,0.003325326154978825,0.002420465408946352,0.00171403877902776
55.47668369859457,0.0033250868272176604,0.0024221700367651556,0.0016823768382892013
55.51584259793162,0.0033248461287200826,0.002423866988550037,0.001667194301262498
55.553893499076366,0.0033246092682475137,0.0024255154168347694,0.0016703605651855469
55.59388089925051,0.003324358152269724,0.002427247459060437,0.0016531562432646751
55.63594039902091,0.003324091135937124,0.0024290691463965497,0.0017068671295419335
55.674101799726486,0.003323846599442959,0.0024307211385541745,0.0016903113573789597
55.7137752994895,0.0033235891781657756,0.002432438651144204,0.0016653633210808039
55.75161149725318,0.0033233419002272058,0.002434075839522122,0.0016711998032405972
55.790864396840334,0.0033230825599162017,0.0024357741620273468,0.0016608618898317218
55.83056119829416,0.003322816914320015,0.0024374916746173762,0.0016517066396772861
55.870194498449564,0.003322549623860027,0.002439205623334513,0.0016490364214405417
55.90970479696989,0.0033222804143804296,0.002440913815026209,0.0016502189682796597
55.949947498738766,0.003322003528879236,0.0024426532591417297,0.0017188453348353505
55.99049589782953,0.0033217225311972243,0.0024444058621725454,0.0017495917854830623
56.02987849712372,0.003321446742262424,0.0024461074744065938,0.001697864499874413
56.0679486989975,0.003321178081066023,0.0024477517905302964,0.0016832542605698109
56.10497449710965,0.0033209140803478476,0.0024493508728826736,0.0016848945524543524
56.144839096814394,0.0033206273256638497,0.002451072223489664,0.0016578483628109097
56.18425149843097,0.0033203419416878432,0.002452773287435575,0.0016499137273058295
56.22353399917483,0.0033200549128338253,0.002454468594356045,0.0016485785599797964
56.261190097779036,0.003319777753205244,0.0024560934462508743,0.0016647529555484653
56.29944719746709,0.00331949346578142,0.002457743793544087,0.0016685676528140903
56.33868629857898,0.00331919985748641,0.0024594358107357327,0.0016613197512924671
56.3786887973547,0.0033188977507165873,0.0024611601769274783,0.0017234992701560259
56.416614796966314,0.0033186093511687886,0.002462794898008779,0.0017011832678690553
56.454706598073244,0.0033183168394543827,0.002464436472691795,0.0016865348443388939
56.494600396603346,0.0033180087015125537,0.0024661553560021677,0.0016598701477050781
56.53439199924469,0.0033176986445653256,0.002467869030575236,0.0016483116196468472
56.574542697519064,0.0033173836530266954,0.002469598057216149,0.0017142295837402344
56.613698199391365,0.003317073596093678,0.002471283769094216,0.0016825675265863538
56.65175059810281,0.0033167709410406587,0.0024729215057602712,0.0016768074128776789
56.68983559682965,0.003316465270415847,0.002474560339002601,0.001673374092206359
56.72767340019345,0.003316159873918423,0.0024761882064821853,0.0016743277665227652
56.765641298145056,0.003315851187693397,0.002477821008555005,0.0016736029647290707
56.80594030022621,0.003315520844097364,0.00247955359906881,0.001724834437482059
56.845895897597075,0.0033151913229261254,0.0024812711116588395,0.0016774940304458141
56.88500199839473,0.003314866462204691,0.0024829516147996025,0.0016621588729321957
56.92500839754939,0.003314531458144643,0.002484670498109975,0.0017191886436194181
56.96390329673886,0.003314203581851416,0.002486340857920199,0.001684970804490149
57.00293419882655,0.003313872415816377,0.002488016700611795,0.0016655158251523972
57.04141249880195,0.0033135439912115316,0.0024896686927694195,0.001661815564148128
57.08214410021901,0.0033131936351082913,0.002491416909495137,0.001714572892524302
57.12011769786477,0.003312865210503446,0.002493046421839133,0.001691951765678823
57.15927029773593,0.003312524449427201,0.0024947258284036215,0.0016675376100465655
57.19910089671612,0.0033121754640319523,0.0024964340200953174,0.0016488074325025082
57.23844039812684,0.0033118283976421026,0.0024981205544055904,0.001645755721256137
57.276769299060106,0.0033114876365516466,0.002499763225664881,0.0016558265779167414
57.317649099975824,0.0033111219283625815,0.0025015152804075597,0.0017141913995146751
57.35740429908037,0.003310764444506731,0.0025032179892178824,0.0016765021719038486
57.39539049938321,0.003310420393702884,0.002504845034265261,0.0016743659507483244
57.43362579867244,0.0033100725048882396,0.0025064816743550415,0.0016713523073121905
57.47356239706278,0.003309706522557576,0.002508190962623012,0.0016528891865164042
57.51248610019684,0.003309347393823714,0.0025098566619840687,0.0016549491556361318
57.55180939659476,0.0033089825080594437,0.002511538535845175,0.001653270679526031
57.58983839675784,0.003308627765647998,0.0025131647584603475,0.001665744697675109
57.62950389832258,0.00330825547800373,0.0025148606136689545,0.0016569709405303001
57.66748759895563,0.0033078963492698676,0.0025164838206993717,0.0016692542703822255
57.70728609710932,0.00330751857873679,0.0025181843363571454,0.0016580390511080623
57.7451945990324,0.0033071561602753263,0.002519803705370602,0.001671428675763309
57.78544709831476,0.0033067696171400485,0.002521522314536906,0.0017296028090640903
57.82579210028052,0.003306379510135571,0.0025232444875761023,0.0017555427039042115
57.8656309992075,0.003305992144561287,0.002524944729089808,0.001694965292699635
57.90352709963918,0.003305621775936629,0.0025265616308066466,0.0016824912745505571
57.9435237981379,0.0033052286533461483,0.002528267629345793,0.0016545294784009457
57.98318099975586,0.0033048363531662517,0.0025299585499611644,0.0016453361604362726
58.02307429909706,0.003304439392564973,0.0025316587914748696,0.0016399192390963435
58.06255429983139,0.0033040446251106914,0.0025333412136241133,0.0016435813158750534
58.10207139700651,0.0033036471161977943,0.0025350247323496318,0.0016465949593111873
58.14174069836736,0.0033032460434299082,0.0025367142822446597,0.0016482352511957288
58.181424997746944,0.0033028425033734266,0.0025384035579956196,0.0016500663477927446
58.221676498651505,0.0033024307389979413,0.002540116684280551,0.0017207144992426038
58.26223909854889,0.0033020143141442304,0.0025418424211926397,0.0017521476838737726
58.3014751970768,0.0033016085809123297,0.0025435111361384512,0.0017024039989337325
58.339691899716854,0.00330121162029684,0.00254513598803328,0.0016851996770128608
58.37753549963236,0.003300816304559362,0.00254674466542806,0.0016793631948530674
58.41636859998107,0.003300408652336273,0.002548394738577204,0.0016666983719915152
58.45577449724078,0.0032999927757657588,0.00255006866226032,0.0016548729036003351
58.49501200020313,0.003299576625067857,0.002551735184053582,0.0016518592601642013
58.532779298722744,0.003299173633294572,0.002553338378566989,0.0016655540093779564
58.57108099758625,0.0032987635137828875,0.002554964052894024,0.0016683387802913785
58.609007596969604,0.003298355039106582,0.002556573004432872,0.0016737175174057484
58.64834509789944,0.003297929293381685,0.002558241445234615,0.0016629218589514494
58.686200600117445,0.0032975180772751855,0.002559846558756502,0.0016720008570700884
58.72375409677625,0.00329710795774929,0.0025614385133630947,0.001679820939898491
58.76268119737506,0.0032966805671605925,0.0025630877640800327,0.0016704368172213435
58.80207159742713,0.003296245500521877,0.0025647562048817757,0.001661167130805552
58.84151129797101,0.003295807692438757,0.0025664262905479305,0.0016562843229621649
58.879398599267006,0.0032953857847104473,0.002568029759205406,0.0016695213271304965
58.91848819702864,0.0032949477024999396,0.0025696839445155796,0.001665248884819448
58.95705169811845,0.0032945140065976375,0.0025713151017239875,0.0016684532165527344
58.99675079807639,0.003294065232736898,0.0025729939600003388,0.001658802037127316
59.03740009665489,0.0032936032999941744,0.002574712020878506,0.0017212104285135865
59.07762710005045,0.0032931443828090323,0.0025764119882481424,0.001752567244693637
59.11791639775038,0.0032926821759104996,0.0025781138746262594,0.0017636680277064443
59.15768479928374,0.003292223807036976,0.002579793007046679,0.0016959189670160413
59.19765339791775,0.003291760777713648,0.0025814800896450897,0.001658115303143859
59.236966997385025,0.0032913032312649193,0.0025831386612603616,0.00164709088858217
59.276367496699095,0.00329084212093278,0.0025848005226044575,0.0016425513895228505
59.3160457983613,0.00329037580186764,0.0025864736238553673,0.0016395377460867167
59.35353560000658,0.003289933607490525,0.0025880535161229394,0.00166063301730901
59.393523298203945,0.003289459612389578,0.002589738131424732,0.0016488456167280674
59.434195797890425,0.003288974925681032,0.0025914512577096638,0.0017135047819465399
59.47449899837375,0.003288492432119483,0.002593148209494545,0.0017463874537497759
59.514704298228025,0.00328800884197733,0.0025948402266861913,0.0017600059509277344
59.5545560978353,0.0032875274449963854,0.0025965166176659246,0.001692333142273128
59.592530500143766,0.0032870663346784568,0.0025981135068657525,0.0016761206788942218
59.631471298635006,0.0032865920654359115,0.002599750421099602,0.0016586494166404009
59.67209889739752,0.003286094493944347,0.0026014577903590917,0.0017099571414291859
59.71300979703665,0.003285590891309198,0.002603176399525396,0.0017329978290945292
59.75289160013199,0.0032850979802816482,0.002604850871496649,0.0016759299905970693
59.79367649927735,0.0032845916361736727,0.002606562901205306,0.0017146491445600986
59.835221599787474,0.0032840735038774937,0.00260830563504965,0.0017277717124670744
59.874915197491646,0.00328357593240014,0.002609970511978501,0.0016727638430893421
59.915282897651196,0.003283068217598384,0.0026116628033142153,0.0017130851047113538
59.954960096627474,0.0032825659856570155,0.002613325487090517,0.0016654777573421597
59.994699597358704,0.00328206156056865,0.0026149900898752992,0.0016415214631706476
60.03452579677105,0.0032815538457668936,0.002616657708244836,0.0016310691135004163
60.07456819713116,0.0032810406480763277,0.0026183335509364324,0.0017002677777782083
60.11306739971042,0.003280545543873359,0.0026199441473396924,0.0016776847187429667
60.15494939684868,0.0032800049317671665,0.0026216956537942334,0.0017124747391790152
60.19527339935303,0.0032794813165963888,0.0026233813656723007,0.0017383383819833398
60.23479430004954,0.003278966199900424,0.002625032535397719,0.0016828345833346248
60.273840598762035,0.003278454921215257,0.0026266634184620584,0.0016593360342085361
60.311763398349285,0.0032779565272988975,0.0026282466004584545,0.0016594886546954513
60.35238429903984,0.0032774203015009107,0.002629941907378924,0.0017101096455007792
60.392110496759415,0.00327689367074413,0.002631598834129784,0.0016683005960658193
60.43059379979968,0.003276381295478359,0.002633203399363534,0.0016601370880380273
60.47049940004945,0.003275848085266375,0.002634866631427973,0.0016428946983069181
60.508938398212194,0.0032753321461314044,0.002636468181076968,0.0016507911495864391
60.5486282967031,0.00327479729105562,0.002638121269810867,0.0016441154293715954
60.588911198079586,0.0032742525667828204,0.002639797934934669,0.0017114448128268123
60.6303441002965,0.0032736894748666145,0.0026415217528382774,0.0017366218380630016
60.66941199824214,0.0032731562646688417,0.0026431466047331068,0.0016920662019401789
60.707791198045015,0.0032726301821810466,0.0026447421232125914,0.0016751289367675781
60.74533749744296,0.00327211369477709,0.002646302002963153,0.001674442202784121
60.78485429659486,0.0032715681480652847,0.002647943577646169,0.0016552542801946402
60.82493779808283,0.0032710121839016892,0.002649607632142814,0.0017148017650470138
60.86399509757757,0.0032704682820821063,0.002651228097732545,0.0016807365464046597
60.90432199835777,0.003269904641868493,0.0026529006506953176,0.001724567380733788
60.944166500121355,0.003269345387963085,0.002654552642852942,0.0016752814408391714
60.98260149732232,0.0032688036793047104,0.0026561454198917402,0.0016646003350615501
61.022644497454166,0.003268237023505094,0.002657804265651081,0.0017170906066894531
61.062051597982645,0.0032676772213164895,0.0026594356970035577,0.0016760444268584251
61.10258149728179,0.0032670995997676755,0.002661112910415497,0.0017190742073580623
61.14248849824071,0.003266528283532466,0.0026627635318527782,0.001670246128924191
61.18263280019164,0.003265951210252638,0.0026644234741883934,0.0017174339154735208
61.22325339913368,0.0032653648161158344,0.002666102058320676,0.0017370033310726285
61.262205097824335,0.0032648006275906027,0.0026677110098595243,0.0016865730285644531
61.301741398870945,0.0032642254733445952,0.002669342989500138,0.001654300605878234
61.3420125991106,0.003263637160173971,0.002671004850844234,0.001706523820757866
61.38133439794183,0.003263060635205761,0.002672626687154308,0.0016683005960658193
61.421457298099995,0.003262470403029738,0.002674280598320413,0.0017149543855339289
61.45992499962449,0.00326190237652213,0.002675865425181221,0.0016815757844597101
61.500554997473955,0.0032613003561436926,0.0026775388005761992,0.0017178154084831476
61.53999959677458,0.0032607131395394617,0.002679162555894754,0.0016717719845473766
61.58040949702263,0.003260109200184047,0.002680824965526987,0.0017138099065050483
61.6194966994226,0.003259522806004611,0.002682432272201423,0.001673259655945003
61.66008749976754,0.0032589117388681643,0.0026841004388590975,0.001713390345685184
61.699741799384356,0.00325831273407573,0.002685729402914956,0.001666812808252871
61.74070459976792,0.0032576915236433024,0.0026874115509201314,0.001707973424345255
61.779556296765804,0.003257099920730866,0.002689005698679273,0.0016731452196836472
61.81845569983125,0.0032565055763882356,0.0026906012171587575,0.0016554069006815553
61.85855869948864,0.0032558903970993924,0.0026922452591383915,0.0017091941554099321
61.899975799024105,0.003255252738000536,0.0026939424850673417,0.0017276190919801593
61.93858279660344,0.0032546562004966972,0.0026955234739111885,0.0016856574220582843
61.976476199924946,0.003254068709765079,0.002697074581051554,0.001670894562266767
62.01457170024514,0.00325347601030046,0.002698633090081772,0.0016621208051219583
62.056037198752165,0.00325282820786299,0.002700328397002242,0.0017045402200892568
62.0952854976058,0.0032522127544325485,0.0027019324139478545,0.001669063582085073
62.13495929911733,0.003251588528385696,0.0027035528795375852,0.0016473197611048818
62.17567799985409,0.0032509462088228247,0.0027052152891698183,0.0017041205428540707
62.21586349979043,0.0032503088238655664,0.0027068546707002855,0.0017350577982142568
62.256025198847055,0.0032496700681861057,0.0027084924073663406,0.001748371054418385
62.29669409990311,0.0032490206208990458,0.0027101498824053383,0.001748638111166656
62.336367797106504,0.0032483851549471865,0.002711765961689971,0.0016805839259177446
62.37646249681711,0.0032477406422515287,0.0027133982154746534,0.0017154501983895898
62.417020197957754,0.003247086260344645,0.0027150482886237975,0.0017293357523158193
62.45679919794202,0.003246441747648987,0.002716666012772842,0.0016678428510203958
62.49695399776101,0.003245789284761713,0.002718297992413456,0.0017077445518225431
62.537408497184515,0.0032451294200086522,0.0027199412119608838,0.0017258261796087027
62.57774609699845,0.003244469006943973,0.0027215786744828707,0.0017343711806461215
62.61774029955268,0.0032438118835926844,0.0027232013332251508,0.00166601175442338
62.656545996665955,0.0032431720313468304,0.002724774646035076,0.00164537422824651
62.696986597031355,0.003242503668104746,0.0027264134792774055,0.0016958427149802446
62.73774119839072,0.0032418270805436578,0.0027280643748587557,0.0017201041337102652
62.777247697114944,0.003241169134781785,0.0027296634572111325,0.0016681861598044634
62.817633997648954,0.0032404947403676942,0.002731297355860227,0.0017084311693906784
62.85869309678674,0.0032398063646184028,0.002732957298195842,0.0017240714514628053
62.898916997015476,0.0032391295029157163,0.00273458242423474,0.001736011472530663
62.93933069705963,0.003238446884182622,0.0027362146780194226,0.0017386818071827292
62.97925619781017,0.003237770296621534,0.0027378258227108198,0.001668643904849887
63.0199161991477,0.0032370791794136267,0.002739465752529424,0.0017027854919433594
63.06046339869499,0.003236386965653537,0.0027411001994666557,0.0017207908676937222
63.098928697407246,0.003235728745750066,0.002742649661742609,0.0016762351151555777
63.13958589732647,0.0032350305008179703,0.0027442865759764582,0.0017071341862902045
63.17795189842582,0.0032343692653142853,0.002745830555371039,0.0016712760552763939
63.21869769692421,0.00323366553749338,0.0027474691144693,0.0017055320786312222
63.26004799827933,0.003232948102464661,0.002749130701669327,0.0017188835190609097
63.30205610021949,0.003232216960228129,0.0027508177842677376,0.0017199516296386719
63.3428208976984,0.0032315052822298185,0.0027524541502134494,0.001727847964502871
63.38207709789276,0.0032308174547779345,0.0027540288337437177,0.0016705130692571402
63.42295429855585,0.0032300989231686117,0.0027556671186979103,0.0017024421831592917
63.46338829770684,0.003229386148575486,0.002757287035999504,0.0017214393010362983
63.50508699938655,0.0032286481527563637,0.002758956299233453,0.0017218589782714844
63.54591169953346,0.0032279235899892456,0.0027605893754503413,0.0017267036018893123
63.58779799938202,0.003227177643978507,0.002762264121565663,0.0017207908676937222
63.628833796828985,0.0032264437602833596,0.00276390350309613,0.0017226600321009755
63.66736359894276,0.0032257531914012816,0.002765441999609338,0.0016728019108995795
63.70603509992361,0.003225057687885169,0.002766985156571712,0.0016467475797981024
63.746422097086906,0.0032243290129656543,0.0027685957529749723,0.0016937446780502796
63.786659099161625,0.003223600338031929,0.0027701992216324477,0.0017190742073580623
63.82718639820814,0.003222865083614579,0.0027718133819086,0.0017293739365413785
63.86829200014472,0.003222116122046259,0.0027734494737102432,0.0017291450640186667
63.908834397792816,0.0032213756589101195,0.0027750619891219836,0.0017314719734713435
63.949534099549055,0.003220629712899381,0.0027766797132710284,0.001730098738335073
63.988889399915934,0.003219906246712867,0.0027782428827504133,0.0016671180492267013
64.02788909897208,0.0032191868926787492,0.0027797909743060237,0.0016401481116190553
64.06814389675856,0.003218442043234404,0.0027813878635058516,0.00169115059543401
64.10771179944277,0.003217708159581889,0.0027829565158666095,0.0016509818378835917
64.14610559865832,0.003216993740110752,0.002784477467159424,0.001644725794903934
64.18531759828329,0.0032162617754778466,0.0027860299450201327,0.0016361427260562778
64.227293998003,0.0032154755302826743,0.0027876907097879535,0.0016886710654944181
64.26811979711056,0.003214708475169914,0.0027893048700641057,0.0017220878507941961
64.30741779878736,0.003213968012047985,0.002790857347924814,0.0016770362854003906
64.34798689931631,0.0032132017793884415,0.002792459445861946,0.0017166328616440296
64.38815929740667,0.00321244020715028,0.002794044272722754,0.0017377662006765604
64.428357899189,0.003211676441793543,0.002795629099583562,0.0017457008361816406
64.471106197685,0.0032108616856163508,0.002797313440741286,0.0017292595002800226
64.51289629936218,0.0032100622815107727,0.0027989588534412632,0.0017261696048080921
64.55331729725003,0.0032092870020790087,0.0028005491631834436,0.0017322730273008347
64.59415869787335,0.0032085010310396456,0.0028021545508493994,0.00173101422842592
64.63542619720101,0.0032077043683642614,0.002803775838871336,0.0017262076726183295
64.6735360994935,0.003206966920828336,0.0028052721171979733,0.0016785621410235763
64.71332449838519,0.0032061946570109967,0.0028068328193807408,0.0016374397091567516
64.75380179658532,0.0032054064927962145,0.002808419565250029,0.0016882515046745539
64.79567689821124,0.0032045892693304268,0.002810060043356771,0.0017062949482351542
64.835798997432,0.00320380384657426,0.002811630888870078,0.001726284041069448
64.87611999735236,0.003203012118504489,0.002813208039696964,0.0017338370671495795
64.91755789890885,0.0032021959916050946,0.0028148279569985574,0.0017285346984863281
64.9576488994062,0.0032014042635495343,0.0028163938679186293,0.0017334175063297153
64.99975359812379,0.0032005705914173177,0.0028180373616101258,0.0017206764314323664
65.04077069833875,0.0031997558352543365,0.002819637266394709,0.0017211722442880273
65.07956159859896,0.003198983023125379,0.0028211491709332587,0.0016678428510203958
65.12001349776983,0.0031981753947007974,0.002822724402751664,0.0016997718485072255
65.15941589698195,0.0031973861339338328,0.002824257964671636,0.00165300362277776
65.19997959956527,0.0031965713777708515,0.0028258353896425904,0.001695079728960991
65.2389329969883,0.0031957870515810782,0.0028273492131896203,0.0016587638529017568
65.27738159894943,0.0031950104014413228,0.002828842201787434,0.0016469764523208141
65.31767689809203,0.0031941945486835266,0.0028304059195549563,0.0016992377350106835
65.35773469880223,0.0031933811632569586,0.0028319592198478706,0.0017272757831960917
65.39645969867706,0.003192592724900578,0.0028334596103355373,0.0016813087277114391
65.43793859705329,0.0031917461680279757,0.00283506554628963,0.001708393101580441
65.47722859680653,0.0031909418293309955,0.002836585675150239,0.0016655921936035156
65.51802219823003,0.00319010459334379,0.0028381628259771248,0.0017058753874152899
65.5590933971107,0.003189259133037581,0.002839749571846413,0.0017240714514628053
65.59989069774747,0.003188416962458973,0.0028413242553766813,0.0017333411378785968
65.63966989889741,0.0031875937078069683,0.0028428586397288595,0.0016707038739696145
65.68231019750237,0.0031867093190527385,0.002844502133420356,0.0016939353663474321
65.72328649833798,0.0031858564568665315,0.0028460798325353792,0.001716937986202538
65.76505279913545,0.0031849849528526875,0.0028476868650657468,0.001722049666568637
65.80472749844193,0.0031841548446180923,0.0028492122026636596,0.0016655921936035156
65.84277709946036,0.0031833565370931183,0.002850674212981717,0.0016546440310776234
65.8830964975059,0.0031825088836541227,0.0028522220303932584,0.0017027854919433594
65.92458439990878,0.0031816343640684863,0.0028538134367117134,0.0017197227571159601
65.96571699902415,0.003180764779074252,0.0028553897651063934,0.0017291831318289042
66.00663419812918,0.0031798976613970353,0.002856956498458671,0.0017334175063297153
66.0480084978044,0.003179018481361595,0.0028585399545991356,0.001730480114929378
66.08936600014567,0.003178137382334967,0.0028601214917311196,0.0017276572762057185
66.13059239834547,0.003177256831577324,0.0028616964494054564,0.0017257881117984653
66.17132849991322,0.0031763842310112977,0.0028632513945627824,0.001726932474412024
66.21004400029778,0.0031755533003519076,0.002864728208660546,0.0016726492904126644
66.24960489943624,0.0031747012605762848,0.0028662360010380658,0.0016369819641113281
66.28949879854918,0.0031738404481984617,0.0028677550333224,0.0016189765883609653
66.33002929762006,0.0031729640096074263,0.0028692970937085,0.0016835975693538785
66.37107849866152,0.0031720735896811902,0.0028708577958912675,0.0017141151474788785
66.41293839737773,0.003171163431360924,0.0028724481056334483,0.001723117777146399
66.45411959663033,0.0031702658836962883,0.0028740112751128332,0.0017305564833804965
66.49430959671736,0.003169387800241452,0.0028755355161344718,0.0017386818071827292
66.53367939963937,0.003168525068872441,0.0028770274081560106,0.0016760826110839844
66.57268559932709,0.003167668368661225,0.0028785039481097055,0.0016486167442053556
66.61316929757595,0.003166777126295983,0.002880035865165266,0.0016972923185676336
66.65437679737806,0.0031658677904147225,0.0028815932776192093,0.001717853476293385
66.69493619725108,0.003164970791004862,0.002883124920530701,0.0017309379763901234
66.73615399748087,0.003164056520560621,0.0028846804139761643,0.0017315864097326994
66.7765741981566,0.003163157602145361,0.0028862043808537343,0.0017352484865114093
66.81644069775939,0.0031622693753803333,0.002887706142061744,0.0016668891767039895
66.85669369995594,0.003161369908681877,0.0028892213363291173,0.0017036627978086472
66.89807889983058,0.003160443301737814,0.0028907776522067866,0.001715221325866878
66.93878339976072,0.003159529853704157,0.002892307101965729,0.0017249869415536523
66.97918440029025,0.003158621066106093,0.002893823941097514,0.0017306709196418524
67.0182584002614,0.0031577396929378665,0.002895289789432532,0.0016722297295928001
67.05919379740953,0.003156813908404388,0.0028968241737847102,0.0017010306473821402
67.10015369951725,0.003155885656610735,0.002898358009848751,0.0017158698756247759
67.14277569949627,0.0031549176539158452,0.002899952431751961,0.0017112921923398972
67.18185929954052,0.0031540280564001932,0.0029014136196378122,0.001663265167735517
67.2229423969984,0.003153090209536913,0.0029029480039899904,0.001697330386377871
67.26438060030341,0.00315214221934923,0.002904494450681188,0.0017125129234045744
67.30542229861021,0.003151201082758348,0.002906024448728268,0.0017222785390913486
67.34614699706435,0.00315026488078729,0.002907541287860053,0.0017281913897022605
67.38673929870129,0.0031493297753542038,0.0029090520958223284,0.0017307853559032083
67.42603619769216,0.003148422358478342,0.0029105132837081793,0.0016695213271304965
67.46540599688888,0.0031475113777474917,0.002911975842314374,0.0016386604402214289
67.50667160004377,0.0031465546149576085,0.002913507759369934,0.0016858100425451994
67.54756989702582,0.00314560388331131,0.0029150243243576505,0.0017128181643784046
67.58594369888306,0.003144709899515874,0.002916446309641686,0.0016755866818130016
67.62560509890318,0.003143783292571811,0.002917914625273322,0.0016439628088846803
67.66667519882321,0.0031428226917427082,0.0029194336575576563,0.001694049802608788
67.7083179987967,0.0031418461905872164,0.002920972702359001,0.0017159461276605725
67.74762919917703,0.0031409220509317493,0.002922424021058381,0.0016705130692571402
67.78945089876652,0.0031399367771598463,0.002923966903876687,0.0017030524322763085
67.829579398036,0.0031389893352269382,0.002925445911127,0.00172929756809026
67.87030169740319,0.0031380254446986555,0.0029269454791824604,0.001737308455631137
67.91034539788961,0.0031370755355055735,0.002928418455263263,0.001743221189826727
67.95092459768057,0.0031361110966798833,0.0029299097989966645,0.0017403983511030674
67.99091709777713,0.0031351584460281856,0.002931378388772369,0.0016677664825692773
68.0311248973012,0.003134198393524912,0.002932853558005721,0.0017039680387824774
68.06994180008769,0.00313326959340543,0.0029342763657219622,0.0016638755332678556
68.11152939870954,0.003132272805586922,0.0029357992360232576,0.001696147839538753
68.15105929970741,0.003131322896379629,0.0029372453459853335,0.001654453226365149
68.19110709801316,0.00313035845756815,0.0029387092753118712,0.0017034339252859354
68.22930229827762,0.0031294370593286658,0.00294010439447718,0.0016743659507483244
68.2701660990715,0.0031284493182397455,0.002941595189922444,0.001709575648419559
68.30889139696956,0.003127511197234867,0.002943006757731872,0.0016728019108995795
68.35033539682627,0.0031265048144035745,0.002944516469117872,0.0017057227669283748
68.38998559862375,0.0031255401014078643,0.0029459584669189183,0.0016615104395896196
68.42843569815159,0.0031246025286861823,0.002947356327524914,0.0016526603139936924
68.46929319947958,0.0031236038218480644,0.002948840269368462,0.0017026328714564443
68.50973599776626,0.0031226136134847593,0.0029503072142797546,0.001729831681586802
68.55122929811478,0.0031215957165500186,0.002951811442784382,0.0017346381209790707
68.59007639810443,0.003120640598609725,0.002953218076000574,0.001684055314399302
68.63122709840536,0.003119627087997401,0.0029547066782932892,0.0017120169941335917
68.6724813990295,0.003118608368637865,0.002956197747882622,0.0017246436327695847
68.7128058001399,0.0031176107583803514,0.0029576534528871004,0.001735477359034121
68.7533312998712,0.0031166062945118256,0.002959115737349226,0.0017376517644152045
68.79388979822397,0.0031155985409014875,0.002960577747667283,0.0017366980900987983
68.83407759666443,0.0031145979150579706,0.0029620244059174964,0.0017365836538374424
68.87604989856482,0.0031135512330280335,0.0029635341173034967,0.001722850720398128
68.91621460020542,0.0031125473174142826,0.002964976937536749,0.0017272377153858542
68.9562836997211,0.0031115436759989734,0.002966414823176766,0.00172929756809026
68.99669089913368,0.0031105296171034524,0.0029678636745795284,0.0017273902194574475
69.03602789714932,0.003109539957009133,0.0029692730492364063,0.0016626548022031784
69.07634699717164,0.0031085242532356006,0.0029707158694696587,0.0016959189670160413
69.11756590008736,0.0031074838764908463,0.002972189667982667,0.0017080878606066108
69.15745369717479,0.003106474203903531,0.0029736143947073895,0.0016503334045410156
69.19799469783902,0.0031054467119133733,0.002975060778813534,0.0016926383832469583
69.23841589689255,0.003104420042390643,0.0029765019541823745,0.001715602818876505
69.27910849824548,0.003103384600237291,0.002977951353873274,0.0017251395620405674
69.32015949860215,0.003102337644051545,0.002979411719326919,0.0017263221088796854
69.36181399971247,0.003101273690916173,0.0029808918231535066,0.00172166817355901
69.40211409702897,0.0031002418126462317,0.0029823225810477385,0.0017275428399443626
69.4429385997355,0.0030991945822904654,0.002983770335874226,0.0017260932363569736
69.48368699848652,0.0030981476260905083,0.0029852139785396846,0.0017249106895178556
69.52224319800735,0.0030971544021412,0.0029865786677133743,0.0016712378710508347
69.56297110021114,0.0030961038820720432,0.0029880187465059402,0.00169877998996526
69.60612829774618,0.0030949881157198433,0.002989542987527579,0.0016968726413324475
69.64484449848533,0.0030939855708425057,0.002990908773277543,0.0016584967961534858
69.68484519794583,0.003092947661400558,0.0029923186962225587,0.0017005348345264792
69.72588419914246,0.0030918804185517956,0.00299376370960836,0.0017159461276605725
69.76640389859676,0.0030908246897496383,0.0029951889846212194,0.0017265509814023972
69.8051551990211,0.0030898136464116988,0.002996550658210154,0.001674823695793748
69.84650800004601,0.0030887321480719265,0.0029980019769095343,0.001700763707049191
69.88524840027094,0.0030877169925815906,0.0029993603607696455,0.001663265167735517
69.92581029981375,0.0030866527653330422,0.0030007809753333377,0.0017021369421854615
69.96644819900393,0.0030855841517336557,0.0030022029606173732,0.00172166817355901
70.00696759670973,0.0030845163606016968,0.0030036191888759677,0.0017310524126514792
70.04675289988518,0.0030834663888157365,0.0030050088251599035,0.0016668891767039895
70.08788229897618,0.003082378859303958,0.003006443146927028,0.0016998100327327847
70.1281073987484,0.0030813132613047856,0.0030078448455499846,0.0017223549075424671
70.16915269941092,0.0030802240869149955,0.003009273410291667,0.0017272377153858542
70.2085491977632,0.0030791763082902435,0.0030106433082026617,0.0016689872136339545
70.24965239688754,0.003078081102728447,0.003012070502224001,0.0017004584660753608
70.29064209759235,0.003076987267903064,0.0030134922133639684,0.0017175101675093174
70.32967759668827,0.0030759438755865176,0.0030148451143427067,0.0016690253978595138
70.36867539957166,0.0030748991125477687,0.0030161952738807585,0.001645641284994781
70.40971729904413,0.003073797875828177,0.003017614243580039,0.0016934776213020086
70.45061029866338,0.0030726988322555826,0.0030190266338216724,0.0017187690827995539
70.48972299695015,0.003071645570742021,0.0030203765192156557,0.0016724967863410711
70.53026629984379,0.003070551735902427,0.0030217738315335137,0.001710338518023491
70.56913749873638,0.003069501215847481,0.003023112202876614,0.0016714667435735464
70.61125329881907,0.003068361050665658,0.003024560780135308,0.0017005348345264792
70.65257939696312,0.003067240349707845,0.003025980298122726,0.0017199134454131126
70.73379629850388,0.0030650312967992477,0.003028765601860108,0.001691684708930552
70.78475539758801,0.00306364111223445,0.0030305105288570017,0.0017082786653190851
70.82584399729967,0.0030625182181154287,0.0030319149689206444,0.0017234610859304667
70.86620269715786,0.0030614131433992497,0.0030332933652977663,0.0017342185601592064
70.90412160009146,0.003060373040796094,0.0030345867770136094,0.0016895103035494685
70.94484239816666,0.003059254258857891,0.0030359742201449967,0.0017135810339823365
70.98430179804564,0.0030581686483515114,0.0030373175260813325,0.0016625403659418225
71.02356699854136,0.003057086053416924,0.0030386523335515407,0.001640224363654852
71.06212189793587,0.003056021551998356,0.0030399616456233654,0.0016388511285185814
71.10115169733763,0.0030549416985223843,0.0030412857614748965,0.0016362571623176336
71.14235019683838,0.0030538007109015552,0.00304268197721648,0.0016947364201769233
71.18244810029864,0.00305268768599376,0.0030440392645003163,0.0017307089874520898
71.22181489691138,0.0030515930287293713,0.0030453696856654264,0.0016810416709631681
71.26023690029979,0.0030505233185778025,0.0030466672095422996,0.0016652869526296854
71.30187029764056,0.0030493620442939573,0.0030480713754618733,0.0017056845827028155
71.34136739745736,0.003048258340257348,0.0030494023449151204,0.0016674995422363281
71.3803516998887,0.00304716752104639,0.003050714124283563,0.0016540336655452847
71.41932479664683,0.0030460750569147876,0.0030520239846435248,0.0016487311804667115
71.46048719808459,0.0030449195396755613,0.0030534062190376078,0.0017043875996023417
71.49964099749923,0.003043818577097568,0.0030547196432704616,0.0016742133302614093
71.53927159681916,0.0030427019882921513,0.0030560470488508167,0.0016538428608328104
71.5793380998075,0.0030415711440241466,0.003057387887490535,0.0017140769632533193
71.62083619832993,0.0030403986298352947,0.0030587747823337848,0.0017341041238978505
71.65991349890828,0.0030392921843827025,0.003060078885668305,0.001687870011664927
71.7009218968451,0.0030381292652350567,0.00306144659042675,0.0017209815559908748
71.74159839749336,0.0030369737479958303,0.0030628008621258313,0.0017379188211634755
71.78193279728293,0.0030358261809197984,0.0030641425231977557,0.001745853340253234
71.82305609807372,0.003034654215042565,0.0030655085830917886,0.0017417717026546597
71.86868849769235,0.0030333517565566126,0.0030670226807828875,0.0017022131942212582
71.90998759865761,0.0030321701956097513,0.0030683909338294697,0.0017158316913992167
71.95106159895658,0.0030309932951411156,0.003069750414265855,0.0017235755221918225
71.99203869700432,0.0030298177653946823,0.0030711046859649366,0.0017268180381506681
72.03314139693975,0.00302863620443361,0.003072461699104705,0.0017264747293666005
72.07509079948068,0.003027428873963345,0.003073845030075062,0.0017191886436194181
72.11770089715719,0.0030261996119662626,0.003075247825274293,0.0017101860139518976
72.15979429706931,0.0030249840571769937,0.003076632252820925,0.0017093467758968472
72.20080889761448,0.003023797287497132,0.0030779793967742218,0.0017164420569315553
72.24026979878545,0.003022653558446109,0.00307927390506634,0.0016591071616858244
72.27936309948564,0.0030215191502946936,0.003080554706155026,0.0016358756693080068
72.32158809900284,0.003020291259005603,0.003081936118116903,0.0016782188322395086
72.36146639660001,0.003019130258891778,0.003083239399019217,0.0016428184462711215
72.40195799991488,0.0030179495203697115,0.003084561047574131,0.0016967201372608542
72.44098909944296,0.0030168093551878883,0.003085833350196689,0.001664447714574635
72.48045539855957,0.0030156549345008443,0.003087117989302336,0.0016444969223812222
72.51967519894242,0.0030145059967310317,0.003088393581653718,0.0016393470577895641
72.56070859730244,0.0030133016818467695,0.003089726195971377,0.00169877998996526
72.60274989902973,0.0030120661145360828,0.003091090062712861,0.0017216301057487726
72.64414639770985,0.003010847544132389,0.003092430901352579,0.0017350577982142568
72.68497179821134,0.0030096437775455342,0.0030937517274752867,0.0017429160652682185
72.72632639855146,0.003008422739853245,0.003095087631521769,0.0017403220990672708
72.76632799953222,0.0030072395340710045,0.0030963783017969263,0.0017453955952078104
72.80853419750929,0.0030059891629861113,0.0030977383305214492,0.0017303276108577847
72.8474324978888,0.0030048350164548765,0.0030989900723388595,0.0016751289367675781
72.88652800023556,0.003003673468015222,0.003100246748749505,0.0016458701575174928
72.92783679813147,0.003002444480173949,0.0031015727836095166,0.0016898536123335361
72.96653539687395,0.003001290881940122,0.0031028132855201126,0.0016615104395896196
73.00729990005493,0.003000074230556038,0.003104118211286839,0.0017037391662597656
73.04800719767809,0.0029988573050303557,0.003105419847324742,0.0017250633100047708
73.08936819806695,0.00299761954454425,0.0031067403993033805,0.0017299079336225986
73.13103589788079,0.002996370270039961,0.003108069175604079,0.001728382077999413
73.17177379876375,0.002995147039214885,0.003109366425336883,0.0017323493957519531
73.21043580025434,0.00299398412008145,0.0031105959614847333,0.0016790198860689998
73.24871649965644,0.0029928313442582066,0.0031118117904291517,0.0016562079545110464
73.29021409898996,0.002991579602451111,0.0031131285043908296,0.0016933631850406528
73.33066859841347,0.0029903577423340266,0.0031144098537676528,0.0017191123915836215
73.37047969922423,0.002989153153308166,0.003115669271618985,0.0016628836747258902
73.41195119917393,0.0029878970251644432,0.003116979680267084,0.0016983984969556332
73.4527009986341,0.0029866606354289615,0.0031182648676608684,0.0017206764314323664
73.49153869971633,0.002985480993515921,0.0031194886467832772,0.0016752051888033748
73.5319354981184,0.002984251731518839,0.0031207595786854926,0.0017112541245296597
73.57314279675484,0.0029829961516867343,0.0031220546352657475,0.0017235755221918225
73.61398829892278,0.0029817498927542374,0.0031233362587866397,0.0017306709196418524
73.65463709831238,0.0029805074718183278,0.003124609932129541,0.0017340278718620539
73.69580219686031,0.002979247779819616,0.0031258978609640118,0.0017302131745964289
73.73429000005126,0.0029780681379065754,0.0031271002568490666,0.0016784095205366611
73.77580219879746,0.0029767939162894663,0.0031283958617174595,0.0017001914093270898
73.81742779910564,0.002975514485910935,0.0031296931114502637,0.0017109108157455921
73.85664039850235,0.0029743077037238663,0.0031309133266997804,0.0016620444366708398
73.89684609696269,0.0029730682983881707,0.003132162601220573,0.0017023277468979359
73.93575949966908,0.0029718675473588974,0.0031333699316988635,0.0016631507314741611
73.974867798388,0.0029706588461664296,0.003134582470914458,0.0016425513895228505
74.01537239924073,0.002969405185353935,0.00313583585759628,0.001696147839538753
74.0583014972508,0.0029680747641833705,0.003137162440744429,0.0017073630588129163
74.09948759898543,0.002966796430399654,0.0031384336467907125,0.001724147703498602
74.14041959866881,0.0029655235794905366,0.0031396947095064564,0.0017325782682746649
74.1790403984487,0.00296432173189487,0.003140883124044011,0.0016827963991090655
74.21763509884477,0.002963118513577001,0.003142068797140879,0.0016578483628109097
74.2573366984725,0.0029618791082413054,0.0031432868192378463,0.0016355323605239391
74.30177149921656,0.002960490294384499,0.00314464876697085,0.0016698646359145641
74.34249329939485,0.0029592155244699825,0.00314589447761875,0.0017124747391790152
74.38458059728146,0.0029578960690770373,0.0031471802133006717,0.0017238425789400935
74.42686919867992,0.002956568663492476,0.0031484700611436227,0.0017263602931052446
